Alloyed Enterprises Corp.,https://indeed.com/rc/clk?jk=69e4513b27732b03&bb=dmU-ClQwDTzi9ejtD7drW_hPFYHy696yG7ZFV3YUGskKXWuqmMqpQi_gHCScTGXx0L9PeovDMXb_YNi32tFS9B7ac5fSNM6AcXqTL1RlMPtfNiCVDTV3ZGR1FlbyPZLu1IjM6N2AzLB_Qnn1xIvN-A%3D%3D&xkcb=SoBX67M3uFOYpry4Yp0GbzkdCdPP&fccid=5e947f0fddbc4dc7&cmp=Alloyed-Enterprises&ti=Data+Scientist&vjs=3,,,95,Data Scientist for Partnership with Startup,"$64,133.05 - $1,000,000.00 a year - Contract","Alloyed Enterprises Corp.
United States
Remote","Benefits
Pulled from the full job description
Flexible schedule
&nbsp;","Small business with incidental Treasury futures hedging privileges seeks data scientist to provide limited ad hoc services through strategic partnership in consideration for institutional sized helping of revenue share.

Responsibilities

Use quantitative methods to discern local and global minima and maxima in predictable time-series dataset characterized by readily anticipable idiosyncracies
Assist with monitoring .py app on 23/hr day schedule
Design, implement, and evaluate scientific experiments
Attend monthly board meeting

Requirements

PhD, MSc, MBA, or similar advanced accreditation
Strong knowledge of higher level math including calc 3, lin alg, pdes, sdes, psdes, and similar numerical methodologies
US citizenship or greencard
5+ experience with OOP
Willingness to pay dues to nonprofit in amount of $1k/mo for tolled costs

Compensation is 2%+ of net from general corporate hedging account. That is going to be a lot more than most data scientists earn, and potentially into 7 figure territory. We'll also repay any student loans that you may have in full.

Job Type: Contract

Pay: $64,133.05 - $1,000,000.00 per year

Benefits:

Flexible schedule

Work Location: Remote"
Syngenta Seeds,https://indeed.com/rc/clk?jk=208011aaa1f2bc64&bb=9nyeO6EAynTRljAQng13Ai0HsiV3SlY1epAXV1GtB_TfVR3go3eKAIzZc7CRnRfqOfyyedHdILIKATrajmCW-4NlJ2FH0KAU7xm11uUhx2-XOGnIOSwKfjQigCdkMr0grDzex7BtZB7V_R9aXbCMeg%3D%3D&xkcb=SoAC67M3uFNcy2S4Yp0ObzkdCdPP&fccid=212d266bb52619f8&vjs=3,,,90,Data Scientist,Full-time,"Syngenta Seeds
4.1
4.1 out of 5 stars
Downers Grove, IL
Hybrid work","Benefits
Pulled from the full job description
Paid parental leave
Parental leave
Health insurance
401(k) matching
Vision insurance
Dental insurance
Profit sharing
Show more
&nbsp;","Company Description


At Syngenta Vegetable Seeds, we’re passionate about helping people in the vegetable industry succeed and putting growers at the heart of all that we do. Our energies are focused on creating solutions that help them get more out of their crops, now and in the future. A commitment in every seed. We do this by: protecting seed, bulb, or small plant quality from the start to enable growers to achieve the highest yield potentials in their operations; continually investing in R&D to bring cutting-edge innovations to the market; and striving to make a real world difference through more sustainable practices on farms, in shipping, and at the grocery store.


Job Description

A self-starter who demonstrates intellectual curiosity for solving difficult problems with strong technical knowledge and a hands-on approach to using our data assets both efficiently and effectively
Provide technical leadership in a team that generates business insights based on big data, identify impactful recommendations, and communicate the findings to clients
Deliver data related insights to the functional teams seeking to drive significant impact via data driven decisions, and improvement in operations excellence and the customer experience
Bring deep understanding of Sales analytics with the capability of developing analytics and insights in a functional agnostic manner
Conducts complex root cause analysis on business problems for business partners, in partnership with Data Scientists, IT, consultants, and end users to identify insights that inform and drive key business decisions
Synthesize ideas/proposals in writing and engage in productive discussions with external or internal partners and use predictive modeling to increase and optimize customer experiences, revenue generation, data insights, and other business outcomes

Qualifications

Visa sponsorship is not available for this position
Bachelor’s Degree in Analytics, Computer Science, Statistics, Math, Finance, or related field
2+ years of experience with advanced analytics and data preparation
Advanced knowledge of open-source data science and statistics packages such as Python, R, Spark, etc.
Advanced SQL knowledge and data manipulation skills
Experience with visualization software, Tableau, Qlik, Power BI, etc.
Experience working with multiple different data sources

Preferred Requirements

Master’s degree in Analytics, Computer Science, Statistics, Math, Finance, or related field
Proven track record of effective communication with upper management from business functions
Experience working on an agile/scrum team
Strong business and collaboration skills, and ability to respond to service needs and operational demands

Additional Information


What We Offer:

A culture that celebrates diversity & inclusion, promotes professional development, and strives for a work-life balance that supports the team members. Offers flexible work options to support your work and personal needs.
Full Benefit Package (Medical, Dental & Vision) that starts your first day.
401k plan with company match, Profit Sharing & Retirement Savings Contribution.
Paid Vacation, Paid Holidays, Maternity and Paternity Leave, Education Assistance, Wellness Programs, Corporate Discounts, among other benefits.

Syngenta has been ranked as a top employer by Science Journal.
Learn more about our team and our mission here: https://www.youtube.com/watch?v=OVCN_51GbNI

Syngenta is an Equal Opportunity Employer and does not discriminate in recruitment, hiring, training, promotion or any other employment practices for reasons of race, color, religion, gender, national origin, age, sexual orientation, marital or veteran status, disability, or any other legally protected status.

WL4A

#LI-NL2 #LI-HYBRID"
Metropolis,https://indeed.com/rc/clk?jk=463682a516778193&bb=CT-oEJ_-lBZcpoHfR16iVFBXHjInyn7I8TcqhrqJBo0ytKByoaWNNPD_nP2Js9vUIqFNYyZADNzFExuWYtqzYp6y2imZNWo4BU2KL0sBRaaBkM-QkGo7KuctpY_9nHc7HKG9-ci7VIcSQBCMayFypQ%3D%3D&xkcb=SoAq67M3uFN9YMXVpR0AbzkdCdPP&fccid=375211ce826cf4f4&vjs=3,,,90,"Senior Machine Learning Engineer, Computer Vision","$150,000 - $200,000 a year","Metropolis
3.3
3.3 out of 5 stars
Seattle, WA","Benefits
Pulled from the full job description
401(k)
Health insurance
Stock options
Life insurance
Disability insurance
&nbsp;","The Company
Metropolis is an artificial intelligence company that uses computer vision technology to enable frictionless, checkout-free experiences in the real world. Today, we are reimagining parking to enable millions of consumers to just ""drive in and drive out."" We envision a future where people transact in the real world with a speed, ease and convenience that is unparalleled, even online. Tomorrow, we will power checkout-free experiences anywhere you go to make the everyday experiences of living, working and playing remarkable - giving us back our most valuable asset, time.
The Role

We are seeking a Senior Computer Vision Engineer to lead the development of advanced multi-camera perception and localization systems with an integrated focus on image-based search, vector database integration, and re-ranking strategies. You will design and build algorithms that combine object tracking, scene understanding, and cross-camera reasoning with scalable retrieval systems to power high-precision localization and visual matching across large-scale deployments.

This role requires strong expertise in computer vision, real-time systems, and search infrastructure, with a focus on turning visual data into actionable spatial intelligence.




Responsibilities
Design and implement algorithms for multi-camera object detection, classification, and persistent tracking.
Build scene understanding modules to extract landmarks, spatial layout, and semantic context from image streams.
Develop cross-camera fusion and localization methods for consistent identification and positioning of objects.
Architect and deploy visual search systems using vector databases (e.g., OpenSearch, FAISS, Milvus) for image-based retrieval and matching.
Design and implement re-ranking techniques to improve retrieval precision based on context, metadata, and scene cues.
Create tools and metrics to evaluate retrieval quality, localization accuracy, and perception robustness.
Collaborate across ML, backend, and infrastructure teams to ensure scalable, real-time deployment.
Investigate system-level issues, drive debugging efforts, and improve model and system performance.
Mentor junior engineers and contribute to long-term vision for perception, localization, and image retrieval.

Qualifications
M.S. or Ph.D. in Computer Science, Robotics, Electrical Engineering, or a related field.
5+ years of industry experience in computer vision, image retrieval, or perception systems.
Strong background in object detection, tracking, and scene understanding using multi-camera inputs.
Deep understanding of vector-based retrieval systems and experience with OpenSearch, FAISS, or similar tools.
Proficiency in Python or C++, with hands-on experience in PyTorch, TensorFlow, and OpenCV.
Experience in building large-scale image retrieval pipelines, including feature extraction, indexing, and search optimization.
Knowledge of multi-view geometry, and cross-camera identity association.
Experience evaluating and tuning re-ranking strategies using contextual and multi-modal signals.
Exposure to cloud-based deployment of search systems (e.g., OpenSearch cluster tuning, sharding, replication).
Experience with edge deployment of perception pipelines (e.g., Jetson, Qualcomm).
Publications or patents in the fields of visual search, localization, or multi-camera perception.
When you join Metropolis, you'll join a team of world-class product leaders and engineers, building an ecosystem of technologies at the intersection of parking, mobility, and real estate. Our goal is to build an inclusive culture where everyone has a voice and the best idea wins. You will play a key role in building and maintaining this culture as our organization grows. The anticipated base salary for this position is $150,000.00 to $200,000.00 annually. The actual base salary offered is determined by a number of variables, including, as appropriate, the applicant's qualifications for the position, years of relevant experience, distinctive skills, level of education attained, certifications or other professional licenses held, and the location of residence and/or place of employment. Base salary is one component of Metropolis's total compensation package, which may also include access to or eligibility for healthcare benefits, a 401(k) plan, short-term and long-term disability coverage, basic life insurance, a lucrative stock option plan, bonus plans and more.

#LI-AR1 #LI-Onsite

Metropolis Technologies is an equal opportunity employer. We make all hiring decisions based on merit, qualifications, and business needs, without regard to race, color, religion, sex (including gender identity, sexual orientation, or pregnancy), national origin, disability, veteran status, or any other protected characteristic under federal, state, or local law."
HealthTrust,https://indeed.com/rc/clk?jk=000cd610935e5935&bb=VZ64pXUJ2U_UQtCA0npyjLcH2_GNViB257FZ-M5v3awL6R6eXFCfR91_vv59mquWDnLeUCfu3GD298jb3lPbeL2RdRhiEY62ZuKVoV5rvjWRHVhRxHGQUgLdEbgeF1Vdm16XEgn8-xA66QOCLJ_Vsw%3D%3D&xkcb=SoDe67M3uFNjBISJaR0tbzkdCdPP&fccid=46d785f23f1ffaf5&vjs=3,,,85,AVP Software Engineering,Full-time,"HealthTrust
3.4
3.4 out of 5 stars
1100 Charlotte Avenue, Nashville, TN 37203","Benefits
Pulled from the full job description
Tuition reimbursement
Pet insurance
Employee stock purchase plan
Health insurance
401(k) matching
Paid time off
Vision insurance
Show more
&nbsp;","This position is incentive eligible.



Introduction

Last year our HCA Healthcare colleagues invested over 156,000 hours volunteering in our communities. As a(an) AVP Software Engineering with HealthTrust you can be a part of an organization that is devoted to giving back!

Benefits

HealthTrust, offers a total rewards package that supports the health, life, career and retirement of our colleagues. The available plans and programs include:

Comprehensive medical coverage that covers many common services at no cost or for a low copay. Plans include prescription drug and behavioral health coverage as well as free telemedicine services and free AirMed medical transportation.
Additional options for dental and vision benefits, life and disability coverage, flexible spending accounts, supplemental health protection plans (accident, critical illness, hospital indemnity), auto and home insurance, identity theft protection, legal counseling, long-term care coverage, moving assistance, pet insurance and more.
Free counseling services and resources for emotional, physical and financial wellbeing

401(k) Plan with a 100% match on 3% to 9% of pay (based on years of service)

Employee Stock Purchase Plan with 10% off HCA Healthcare stock

Family support through fertility and family building benefits with Progyny and adoption assistance.

Referral services for child, elder and pet care, home and auto repair, event planning and more

Consumer discounts through Abenity and Consumer Discounts

Retirement readiness, rollover assistance services and preferred banking partnerships

Education assistance (tuition, student loan, certification support, dependent scholarships)

Colleague recognition program

Time Away From Work Program (paid time off, paid family leave, long- and short-term disability coverage and leaves of absence)

Employee Health Assistance Fund that offers free employee-only coverage to full-time and part-time colleagues based on income.

Learn more about Employee Benefits

Note: Eligibility for benefits may vary by location.


Would you like to unlock your potential with a leading healthcare provider dedicated to the growth and development of our colleagues? Join the HealthTrust family! We will give you the tools and resources you need to succeed in our organization. We are looking for an enthusiastic AVP Software Engineering to help us reach our goals. Unlock your potential!

Job Summary and Qualifications

HealthTrust is committed to strengthening provider performance and clinical excellence through an aligned membership model and the delivery of total spend management advisory solutions that leverage its operator experience, scale and innovation. Headquartered in Nashville, Tennessee, HealthTrust serves over 1,700 hospitals and health systems, and more than 70,000 other member locations including ambulatory surgery centers, physician practices, long-term care and alternate care sites.

The AVP of Software Engineering for Customer Solutions plays a hands-on role in development of HealthTrust’s customer products that support the core business and value delivered directly to our GPO membership. This position leads the software engineering teams in architecting, developing, releasing, and maintaining cutting-edge software applications. They will gain a deep understanding of our data, products and how those solutions deliver value and resonate with our members. The pursuit of insight, answers and ultimately the solution to a problem is more important to this person than the means, methods, or technologies used to deliver the information.

What will you do in this role:

The AVP of Software Engineering is responsible for all the software development within the Customer Solutions organization. They lead multiple software development teams as well as DevSecOps and quality assurance to produce thoughtful, efficient, high-quality code. The position handles interviewing and hiring for their teams. They must be familiar with a variety of the organization’s concepts, practices, and procedures. They will rely on extensive experience and judgment to plan and accomplish goals related to system architecture, design, development, and maintenance.

We expect this leader to act as a subject matter expert while leading discussions specific to software and database architecture, design, development practices, and maintenance. The role will act as a primary resource to the operational senior management in all matters concerning current systems and future technology resources. They play a strategic role in identifying technology direction that would enable the business to more effectively achieve business goals.

Team Leadership: Provide strategic direction and leadership to the five engineering teams, aligning their efforts with the company's overall goals and objectives. Lead and manage a team of QA engineers, testers, and analysts, providing guidance, support, and mentorship to ensure their professional development and success.
Technology Strategy: Develop and execute a technology roadmap that supports the company's long-term vision and business objectives.
Team Management: Build and manage a high-performing engineering team, including recruiting, hiring, training, and mentoring engineers.
Product Development: Oversee the entire product development lifecycle, from conception to launch, ensuring that products are delivered on time and meet quality standards.
Cross-functional Collaboration: Work closely with other departments, such as product management, and design, to ensure alignment and collaboration on key initiatives.
Budgeting and Resource Allocation: Assist in developing and managing the engineering budget, allocating resources effectively to support project timelines and deliverables.
Process Improvement: Continuously evaluate and improve engineering processes and methodologies to increase efficiency, productivity, and quality.
Risk Management: Identify potential risks and challenges in the engineering organization and develop strategies to mitigate them effectively.
Stakeholder Communication: Communicate regularly with executives, stakeholders, and other teams to provide updates on engineering initiatives, progress, and challenges.
Technology Innovation: Stay informed about emerging technologies and industry trends and assess their potential impact on the company's products and services.
Performance Management: Set clear performance goals and expectations for engineering team members and provide regular feedback and performance evaluations.
Automation Strategy: Develop and implement a quality assurance automation strategy for testing repetitive tasks and regression testing, leveraging appropriate tools and frameworks to increase efficiency and reliability.
Vendor Management: Manage relationships with external vendors, contractors, and partners, ensuring that they deliver products and services on time and within budget.
Compliance and Security: Ensure that engineering processes and products comply with relevant industry standards, regulations, and security best practices.
Customer Focus: Foster a customer-centric culture within the engineering team, emphasizing the importance of understanding and addressing customer needs and feedback.
Training and Development: Identify training needs for team members and facilitate training sessions or workshops to enhance their skills and knowledge in QA/Engineering/DevSecOps methodologies, tools, and technologies.
Root Cause Analysis: Conduct root cause analysis for quality incidents and implement corrective and preventive actions to address underlying issues and prevent recurrence.
Policy Development: Develop and maintain security policies, standards, and procedures for the DevSecOps team, ensuring alignment with industry best practices and regulatory requirements.
Risk Management: Identify, assess, and mitigate security risks and vulnerabilities in software applications, infrastructure, and cloud environments, collaborating with cross-functional teams to prioritize and address critical issues.
Security Testing: Oversee the implementation of security testing methodologies, including static code analysis, and penetration testing, to identify and remediate security weaknesses.
Continuous Improvement: Drive continuous improvement initiatives within all teams, implementing feedback loops and metrics to measure and optimize efficiency and effectiveness.
Performance Management: Set clear goals and expectations for team members, provide regular feedback and performance evaluations, and support their professional development and career growth.

Knowledge, Skills & Abilities:

Effective interpersonal, written and oral communication skills
Proven record of Innovation, Leadership, Communications, Customer Focus and Quality
A high-level of self-motivation and ability to lead independently with minimal guidance
Thrive on technical challenges and take pride in finding elegant, sustainable solutions; constantly thinking of ways to improve our productivity, reliability, and code base.
Strong development skills with VueJs/Angular, .NET & .NET Core, Microsoft SQL Server
Experience with Quality Assurance and testing, including automated testing, continuous integration, and test-driven development.
Experience deploying third party solutions.
Experience with Microsoft Azure or AWS, including cloud security controls as well as identity and access management (IAM)
Solid expertise in developing high-available and scalable cloud-based applications.
Should have exposure in developing analytic applications and/or reporting tools.
Familiarity with all phases of product development lifecycle, including prototyping, development, test, product release and sustaining engineering.
Familiarity with source code control systems such as Git.
Familiarity with agile methodologies as well as software planning and estimation techniques is highly desirable.
Strong problem-solving skills with the ability to analyze complex challenges, evaluate alternative solutions, and make informed decisions to mitigate risks.
Knowledge of security principles, standards, and best practices, including secure coding practices, vulnerability management, threat modeling, and security compliance frameworks
Awareness of security best practices and principles, including secure coding practices, vulnerability management, and regulatory compliance requirements (e.g., GDPR, HIPAA).
Understanding of DevOps principles and practices, including continuous integration (CI), continuous delivery/deployment (CD), infrastructure as code (IaC), and automated testing.
Mobile application development experience (iOS, Android, etc.) is a plus.
Experience with HL7 or other healthcare integration is a plus.
Research and analytics experience is a plus.

What qualifications will you need:

Bachelor’s degree in computer science, information systems, security or engineering discipline required.
MBA or other master’s degree preferred.
20 years’ relevant work experience
5 years of leadership experience

In today's challenging business environment of cost pressures, supply disruptions, and workforce shortages, it is crucial for providers to efficiently manage expenses and enhance performance. HealthTrust, in collaboration with 1,800 hospitals and health systems, offers a specialized group purchasing organization (GPO) membership model designed to deliver immediate and sustainable cost savings. Their team of experts provides tailored value acceleration engagements to address specific needs, delivering unparalleled benefits. With nationwide purchasing power and a focus on overall spending management, HealthTrust offers unmatched pricing advantages on supplies, along with industry-leading benchmarks and best practices. The dedicated team is committed to guiding and implementing performance enhancements in cost, quality, and outcomes.

HCA Healthcare has been recognized as one of the World’s Most Ethical Companies® by the Ethisphere Institute more than ten times. In recent years. HCA Healthcare spent an estimated $3.7 billion in costs for the delivery of charitable care, uninsured discounts, and other uncompensated expenses.

""There is so much good to do in the world and so many different ways to do it.""- Dr. Thomas Frist, Sr.
HCA Healthcare Co-Founder

Be a part of an organization that invests in you! We are reviewing applications for our AVP Software Engineering opening. Qualified candidates will be contacted for interviews. Submit your application and help us raise the bar in patient care!

We are an equal opportunity employer. We do not discriminate on the basis of race, religion, color, national origin, gender, sexual orientation, age, marital status, veteran status, or disability status."
N2 Services,https://indeed.com/rc/clk?jk=0e9649a35cdb28c7&bb=v4b7rUvJYgEc3UerAEcsaPS2WFMknNsNviyMvSl16jkevr0jlZZyOVjiwNJj74UiNjcApbVcvZuXSbdYNySQcDVYfUxUbOz_hAHZpQYgsM20SQ9aM4g4q5xfIr1KngVDFVx4WgPih-GjHSjwPNEHo0biCxiJTm6H&xkcb=SoBb67M3uFNcfjxUCB0HbzkdCdPP&fccid=72623788b03f2c2d&cmp=N2-Services-Inc&ti=Ai+Architect&vjs=3,,,85,Artificial Intelligence Senior Associate,$60 - $67 an hour - Contract,"N2 Services
5.0
5.0 out of 5 stars
1 Abington Lane, Dearborn, MI 48120",,"1. Bachelor Degree

2. Skills required for Artificial Intelligence and Expert Systems

3. Needs to have 5-8 years of experience with AI and Expert Systems

4. Experience with AI Solution Development, Design develop, and implement AI/ML algorithm and intelligent applications, utilizing deep learning generative AI, NL and Image process

Job Type: Contract

Pay: $60.00 - $67.00 per hour

Ability to Commute:

Dearborn, MI 48120 (Required)

Ability to Relocate:

Dearborn, MI 48120: Relocate before starting work (Required)

Work Location: In person"
Predigle-An Esper Group Company,https://indeed.com/rc/clk?jk=d9ba547af8f3e372&bb=y8ol8a6i702_71iPqWShQcOC4Yu_lmjbQ3WQQUaCa0_C2DoCTupMdEM3Ui5YJ67bsnWsj2UYwf-AMAzZ_ALilGbtZpOZcVCtRxGCw8hIkqat2Exkduriwfxpt8YjdxYPJIf4vRK57A0R2PcxAcT5lQ%3D%3D&xkcb=SoCY67M3uFNzBK0Rth0IbzkdCdPP&fccid=d29838c43e27208d&cmp=Predigle--An-Esper-Group-Company&ti=Ai+Developer&vjs=3,,,85,Gen AI Engineer,"$89,476.60 - $107,756.77 a year - Full-time","Predigle-An Esper Group Company
Remote",,"GenAI Platform:

Strong engineering skills, then some exp with GenAI
Workstreams in Java & Python – mixture of 2.
Prefer Python, but someone who has both is perfect.
Someone with 4+ years Java & recently using Python + FastAPI is perfect.
Python + FastAPI
Strong backend engineering skills
So using backend Java, Spring Boot, Microservices will work too.
Exp w/ distributed systems
AWS, EKS, infra as code
Exposure to GenAI
3 sr. / 2 mid – or vice versa
Multiple systems communicating simultaneously

Job Type: Full-time

Pay: $89,476.60 - $107,756.77 per year

Work Location: Remote"
Kyocera Document Solutions Development America Inc.,https://indeed.com/rc/clk?jk=f75af74285ad638b&bb=MxEqpPODdBiGiSALe6i_FL4r-T_qjhbhx4PWpRnxU1DtvVsLOO51Vw0Bfi0PqBz4Q1Sn_As89E89LxhdAdXSkbIPG_lDlv1RVDEgZ-riytkx8Aj75QsdFjoUPU2N1j-SovQ1BPP70R9OANMkMX_llfUBTUH6TmbP&xkcb=SoDG67M3uFNtRZXVpR0LbzkdCdPP&fccid=c534df24e9a52e71&vjs=3,,,80,Senior Software Engineer,"$130,000 - $150,000 a year - Full-time","Kyocera Document Solutions Development America Inc.
3.5
3.5 out of 5 stars
879 West 190Th Street, Gardena, CA 90248","Benefits
Pulled from the full job description
Paid holidays
Health savings account
Disability insurance
Life insurance
401(k) matching
Referral program
Flexible spending account
Show more
&nbsp;","Overview:
Job Title: Senior Software Engineer
Division: Kyocera Document Solutions Development America, Inc.
Department: Product Development
Location: Gardena, California (Hybrid)
FLSA Status: Exempt
Reports To: Section Manager, Product Development

Develop next generation commercial printing solutions and cloud connected services. Provide technical leadership within participated projects.
Responsibilities:
Design and implement software architecture and features aligned with product requirements and technical standards.
Contribute to the full software development lifecycle, including requirements analysis, design, coding, review, and deployment.
Analyze user needs and develop software solutions that deliver value to customers, including competitive product analysis and technology evaluations.
Write clean, maintainable, and efficient code, following best practices for code quality and software design principles.
Develop and maintain automated unit tests to ensure functionality, reliability, and performance, supporting continuous integration and deployment pipelines.
Diagnose and resolve software defects, performance issues, and production problems in a timely manner.
Maintain clear documentation of development processes, code changes, and issue resolutions using bug tracking and source control systems.
Qualifications:
Bachelor’s degree in Computer Science.
8 to 10 years of software development experience; or equivalent combination of education and experience are required.
Excellent verbal and written communication skills are a must.
The knowledge or experience with PDF, with Computer Graphics is preferred.
Preferred experience with: .NET, ASP.NET, and IIS-based development.
Preferred experience with:
Programming Languages: Python, C#, Java, Thrift, TypeScript/JavaScript
Web/UI Technologies: React, BlueprintJS, CSS, HTML5, XAML, XSLT
Databases: PostgreSQL/MySQL
Modeling Tools: UML
Knowledge or experience with UML modeling and printer-specific languages (PDF, PDL) is preferred.
Printer industry experience a plus.

Essential Physical Functions:
Occasional lifting of computer, monitor, or small printer no heavier than 40 pounds.
Typing, writing, reading
Frequent sitting
Standing, walking, kneeling.


What we offer:
Generous benefits package including 3 Medical plans to choose from with Dental/Vision as well as FSA accounts and an HDHP with HSA option
Discretionary bonus
401k employer contributions with immediate vesting
Paid Time Off based on tenure
16 Company-paid holidays including floating holidays
Education reimbursement up to $5,250/year
Employee referral program
Program specific awards
Life and disability insurance
and more!

Base pay range: $130K-150K/annually. The actual base salary will vary based on various factors, including market and individual qualifications, area of expertise, experience and performance. The listed range above is a guideline, and the base salary range for this role may be modified. Keep in mind, annual compensation is just one part of the total compensation package Kyocera provides.

Who we are:
Kyocera Document Solutions Inc. is one of the World's leading manufacturers of laser printers and document management systems.

Kyocera Document Solutions Development America, Inc. (KDDA) is a subsidiary of Kyocera Document Solutions America, Inc. and is part of the global Kyocera Document Solutions Inc.'s software development team. With about 150 employees in Concord, CA and Gardena, CA we take advantage of the benefit of being part of a large, stable company while operating independently under Kyocera's unique Amoeba Management.

Silicon Valley location: Our Silicon Valley location is a division of Kyocera's Document Solution Inc.'s Corporate Business Solutions Division. We develop innovative solutions in various technological sectors such as Document BPO, ECM, and Cloud Printing/Reporting.

Los Angeles location: The Los Angeles location, a division of Kyocera's Document Solution Inc.'s Corporate R&D group, specializes in a range of award-winning multifunctional printing products. We develop innovative multifunctional printing and production printing controller software along with ASIC design and development.

The perks:
Kyocera Document Solutions Development America, Inc. offers a stimulating working environment, as well as a generous benefits package including medical, dental and vision plans, matching 401K contributions, flexible spending plan, disability and life insurance, plus Paid Time Off, company paid holidays and more.

Our culture:
Innovate today for a brighter tomorrow. Through continuous learning and deep commitment to constantly improve, we achieve business growth, personal growth and growth for society. We find new knowledge in every situation - learning never stops for us. The more we learn, the easier the potential for further growth. And the more we grow, the more confidence we have to always do better. Through this, we deliver solutions that not only suit our customers they help advance humanity as a whole.

Our unique Amoeba Management allows you to experience the complexity of a large organization while aligning the flexibility and innovation of a small company. Your entrepreneurial spirit, technical prowess, integrity and teamwork will enlighten and drive the next generation products and solutions to our customers.
Come see what we are all about!

Kyocera Document Solutions Development America, Inc. is an Equal Opportunity Employer and complies with all applicable federal, state and local laws regarding nondiscrimination. Kyocera provides equal employment opportunities to all employees and applicants for employment without regard to race, color, religion, gender, sexual orientation, national origin, age, disability, or protected veteran status. Qualified minorities, women, protected veterans and/or individuals with disabilities are encouraged to apply.

Strictly no agencies please."
Rula,https://indeed.com/rc/clk?jk=cb6cd073a3fc16e3&bb=grtmz0drcRUSzSF0vbj-Zd7N2R7G7JSMDgpcFJUjnJaOikxo1cIcZZa7V63jNLD5qveNn1smx2rD8uCPC4-kTRkY-qzTdu6jozTJba_hpZxdYWFGMZGFagoR14LkPABvl1BAMYMpb8XIT01i8EGWtg%3D%3D&xkcb=SoB067M3uFNgsFyJaR0ObzkdCdPP&fccid=d8ebbe8fe3f19bc6&vjs=3,,,80,Data Scientist (Remote),"$157,250 - $175,750 a year - Full-time","Rula
4.5
4.5 out of 5 stars
Los Angeles, CA
Remote","Benefits
Pulled from the full job description
Work from home stipend
Paid parental leave
Parental leave
Health insurance
Vision insurance
Health savings account
Dental insurance
Show more
&nbsp;","We believe that mental health is just as important as physical health. We recognize that mental health issues can be complex and multifaceted, and we are dedicated to treating the whole person, not just the symptoms.

We aim to create a world where mental health is no longer stigmatized or marginalized, but rather is embraced as an integral part of one's overall well-being.

We believe that by providing quality care that is both evidence-based and compassionate, we can empower individuals to take charge of their mental health and achieve their full potential. We are passionate about making a positive impact on the lives of those struggling with mental health issues and we strive to be a force for positive change in the field of mental healthcare.

About the Role

Our Analytics team is in search of a Data Scientist! This role will be an analytical engine behind data-driven decision-making at Rula. As an individual contributor, you will partner with teammates and stakeholders across Marketing, Product, and Finance to take ownership of generating insights and recommendations that shape strategy for Marketing and Growth Product teams using data.

You will translate broad questions into actionable research and discovery plans, perform proactive data exploration to identify actionable insights, and communicate results in a concise and compelling manner.

Required Qualifications

A Bachelor’s (or higher) degree in Statistics, Mathematics, Computer Science, Data Science, or related technical field with strong quantitative foundation

5+ years of experience in data analytics or data science

Advanced technical expertise with modern data stacks (i.e. dbt, Airflow, etc.) and data visualization tools (i.e. Looker, Tableau, Hex, etc.)

Strong experience working directly on A/B testing, including experiment design, deployment, and results interpretation

Experience building/maintaining multitouch attribution models to quantify the impact of user touchpoints on conversion and engagement

Deep understanding of growth analytics metrics (e.g. conversion, churn, LTV) and experience translating them into actionable insights

Preferred Qualifications

While having the preferred qualifications enhances your candidacy, having all of them is not mandatory. We encourage all interested applicants to apply, even those who may not meet every preferred requirement.

Experience within a fast-paced, high-growth startup environment with the ability to handle dynamic analytical priorities

A proven ability to connect analytics insights to business strategy, influencing product decisions that drive revenue and growth

Advanced proficiency with Python/R for analytics/scripting

Experience working with event-based data

We're serious about your well-being! As part of our team, full-time employees receive:

100% remote work environment (US-based only): Working hours to support a healthy work-life balance, ensuring you can meet both professional and personal commitments

Attractive pay and benefits: Full transparency of pay ranges regardless of where you live in the United States

Comprehensive health benefits: Medical, dental, vision, life, disability, and FSA/HSA

401(k) plan access: Start saving for your future

Generous time-off policies: Including 2 company-wide shutdown weeks each year for self-care (for most employees)

Paid parental leave: Available for all parents, including birthing, non-birthing, adopting, and fostering

Employee Assistance Program (EAP): Support for your mental and physical health

New hire home office stipend: Set up your workspace for success

Quarterly department stipend: Fund team-building activities or in-person gatherings

Wellness events and lunch & learns: Explore a variety of engaging topics

Community and employee resource groups: Participate in groups that celebrate employee identity and lived experiences, fostering a sense of community and belonging for all

Our team

We believe that diversity, equity, and inclusion are fundamental to our mission of making mental healthcare work for everyone. We are dedicated to having a culture of inclusion that will support our employees in feeling safe, seen, heard, and valued.

Compensation Range: $157.3K - $175.8K"
Ash & Harris Executive Search,https://indeed.com/rc/clk?jk=e706c68c9b91266f&bb=WpDrmO07z7bbMtLWQvRsHfrDcV_06NIc6T3bDltm6cI1nIN_Ch8cBDJUiohnFCoqn2KtkvCMtFt4PIJtFzuSPtYiDMW8YzhL46NGvHIuDiK0ERKsaw6ck1j06n0IVl28kvxt3q9Jl-gAO6Uc1yEmUQ%3D%3D&xkcb=SoBW67M3uFOPuvxUAx0PbzkdCdPP&fccid=8ef661d26df49fbc&vjs=3,,,80,(Job TE- 1076) Software/ Senior Full Stack (AI-Focused) Engineer,"$140,000 - $200,000 a year - Full-time","Ash & Harris Executive Search
San Francisco, CA",,"Ash & Harris Executive Search is looking for a Software/ Senior Full Stack Engineer (AI-Focused)

Overview:
We’re seeking a senior full stack engineer who thrives in fast-moving environments and is passionate about building scalable, real-world AI applications. This role is ideal for someone who has experience in high-growth teams, shipping complex systems, and wants to work hands-on with a tight-knit group in person.

Key Responsibilities:

Own projects end-to-end across the stack, with a slight emphasis on backend systems
Build and scale AI-powered infrastructure that impacts real users daily
Collaborate cross-functionally with product and design teams to ship quickly and iterate
Contribute to a culture of clarity, high standards, and strong technical decision-making
Help lay the foundation for AI-driven solutions that solve operational problems at scale
Requirements:Education:

CS degree (or equivalent) from a top-tier university (MIT, Stanford, Ivies, Berkeley, CMU, etc.)
Experiences:

6–12 years of full stack software engineering experience (preferably backend-leaning)
Background at a Series A–C startup, AI company, or a fast-moving team that shipped quickly
Experience at a top-tier tech company or high-talent startup (e.g., Google, Facebook, Scale AI)
Strong proficiency in both JavaScript and Python
Other:

Clear communicator with strong product instincts and excellent engineering judgment
Long-term ambition to be a founder or own a product end-to-end
Must be excited to work in person in San Francisco, 5 days/week
No Visa Sponsorship
Compensation and Benefits:

Salary: $140,000 - $200,000 per year
Benefits: Competitive package (details available upon discussion)
Schedule:

Full-time
Work arrangement: Onsite (San Francisco)"
ConsumerAffairs,https://indeed.com/rc/clk?jk=4037b9df438f8579&bb=_kxc8AAGgU_vqCawxxAsuvK83RURITG4cZ4S4Ac0Ev7UeWNXwoMdTON4_MqLYreU_PCvYPmd7XkPW8-ryoo6xgOvyv4jDMHnmNudI3yRAo6mzsoQRsOJbzY8Z91r6b4uZCYFr0AFLvm2w5L5GhZmhg%3D%3D&xkcb=SoBj67M3uFNvTYyDk50CbzkdCdPP&fccid=ec1d37eb69df3dba&vjs=3,,,75,"AI Native, Sr. Strategic Analyst",Full-time,"ConsumerAffairs
3.4
3.4 out of 5 stars
Remote","Benefits
Pulled from the full job description
AD&D insurance
401(k)
Health insurance
Paid time off
Vision insurance
Dental insurance
Family leave
Show more
&nbsp;","The AI Native, Senior Strategic Analyst will help power the growth of ConsumerAffairs by delivering analytical support across our sales and marketing organizations. This AI-native individual will leverage advanced tools (including generative AI) to streamline insights, automate reporting, and uncover new opportunities to optimize business performance.

This role sits at the intersection of business analytics, marketing strategy, and operations. The ideal candidate combines technical rigor with creative thinking, thrives in a fast-paced environment, and is obsessed with data integrity and storytelling. This is a critical, forward-facing position that will directly influence strategic decisions and shape the trajectory of key vertical goals and performance.

What you'll do:

Strategic Analysis

Perform ad hoc and recurring analyses that inform decision-making across marketing campaigns, channel performance, pricing, lead gen, and partner growth.
Support business cases and scenario modeling for partner opportunities or internal initiatives.

Presentation of Insights

Build presentation-ready deliverables summarizing key insights, trends, and recommendations.
Support leadership in preparing materials for partner meetings and internal reviews.

Data Aggregation & Quality

Own daily aggregation, validation, and maintenance of sales and marketing data pipelines
Identify anomalies or integrity gaps in data and proactively correct or escalate.

Reporting & Dashboarding

Develop and maintain recurring dashboards and reports used by sales, marketing, and leadership.
Use AI tools (e.g., ChatGPT, CoPilot, Tableau GPT, etc.) to automate repetitive reporting workflows and assist with quick data exploration.

Project Support

Contribute to cross-functional projects by providing analytical support (e.g., marketing mix modeling, performance forecasting, competitive analysis).

Requirements

Bachelor’s degree in Business, Economics, Statistics, Data Science, or a related field.
2-4 years of experience in data analysis, business intelligence, or a related role.
Industry experience is beneficial
Proficiency in data visualization tools (e.g., Tableau, Power BI) and advanced Excel skills.
Understanding of data warehouse and data mining, a plus
Familiarity with BI technologies (e.g. Microsoft Power BI, Qlik)
Knowledge of SQL is required and Python is a plus
Proven abilities to take initiative and be innovative
Strong analytical and problem-solving skills, with the ability to translate data into actionable insights.
Must be highly curious, driven, and disciplined
Excellent communication and people skills
Obsessed with ensuring an exceptional customer experience- for both internal and external customers.
Stands up for decisions, takes responsibility for results, and shares both good and bad outcomes transparently.
Demonstrates a relentless focus on results with a commitment to deliver;
Takes decisive action, and confidently changes course if unsuccessful.
Displays a growth mindset to continually improve; encourages everyone around them to be tenacious and never settle.
Constantly seeks feedback to improve; Focuses on solving issues through teamwork, and collaboration
Acts with urgency; delivers top results in hours and days instead of weeks and months.
Relentless in their pursuit of success and possessing the willpower to embrace challenges as opportunities.

Benefits

Why You’ll Love Working Here

At ConsumerAffairs, your voice matters. We foster a collaborative environment where you’re encouraged to take initiative, experiment boldly, and grow professionally. We're committed to work-life harmony, career development, and celebrating wins together.

Health Care Plan (Medical, Dental & Vision)
Retirement Plan (401k)
Life Insurance (Basic, Voluntary & AD&D)
Paid Time Off (Vacation, Sick & Public Holidays)
Family Leave (Maternity, Paternity)
Short Term & Long Term Disability
Training & Development"
Advantage Engineering & IT Solutions,https://indeed.com/rc/clk?jk=7cc7696ec68c991b&bb=wwPRWTuVjtgFh_WSxjP_jH9TVlLzCs5aegNS2sfZxcGaPvk6YEGTdsBpIgNEpoEKdIDjqH8yp5ulaapztH8cTHqDfl0yxukxxbWWxrKStAL5ZxKrm0uM_VqOai3kjiVRmog_m6nHln14_rgqRsiYWw%3D%3D&xkcb=SoAC67M3uFNmixQpT50MbzkdCdPP&fccid=2c28ec6f72401df2&vjs=3,,,75,"Software Engineer, Level 2 (AE25081418SW2)","$132,000 - $160,000 a year - Full-time","Advantage Engineering & IT Solutions
Annapolis Junction, MD 20701","Benefits
Pulled from the full job description
Health insurance
Retirement plan
Vision insurance
Dental insurance
Life insurance
Disability insurance
Paid holidays
&nbsp;","AEITS, a GTSC company, seeks a Software Engineer (SWE), Level II, for a position in the Annapolis Junction, Maryland area.

The Software Engineer develops, maintains, and enhances complex and diverse software systems (e.g., processing intensive analytics, novel algorithm development, manipulation of extremely large data sets, real-time systems, and business management information systems) based upon documented requirements.

Works individually and/or as part of a team to review and to test software components for adherence to the design requirements and documents test results. Resolves software problem reports. Utilizes software development and software design methodologies appropriate to the development environment. Provides specific input to the software components of system design to include hardware/software trade-offs, software reuse, use of Commercial Off-the-shelf (COTS)/Government Off-the-shelf (GOTS) in place of new development, and requirements analysis and synthesis from system level to individual software components.

Location: Annapolis Junction, Maryland area

~~~~ All work is on-site, in-person in a SCIF environment. This is not a hybrid or remote position.

Clearance: Top Secret SCI with polygraph.

Certifications: None.

Requirements:

Seven (7) years of experience as a SWE in programs and contracts of similar scope, type, and complexity is required.
Bachelor's degree in computer science or related discipline from an accredited college or university is required. Four (4) years of additional SWE experience on projects with similar software processes may be substituted for a bachelor's degree.
Strong Java skills required.
Python API, ETL, NiFi, Docker, Kubernetes, and Git experience.
Database experience; working with APIs to interface with databases; graph databases.
Use Case Development/Requirements Documentation. Candidate will perform use case development/requirements collection and documentation to support architecture development, design, testing, and documentation of software at the component level.
Provide and implement recommendations in reference to software capabilities.

Education and Required Qualifications:

Bachelor's degree in computer science or related discipline from an accredited college or university is required. Four (4) years of additional SWE experience on projects with similar software processes may be substituted for a bachelor's degree.

Responsibilities:

Analyze user requirements to derive software design and performance requirements.
Debug existing software and correct defects.
Provide recommendations for improving documentation and software development process standards.
Design and code new software or modify existing software to add new features.
Integrate existing software into new or modified systems or operating environments.
Develop simple data queries for existing or proposed databases or data repositories
Write or review software and system documentation.
Serve as team lead at the level appropriate to the software development process being used on any particular project.
Design or implement complex database or data repository interfaces/queries.
Develop or implement algorithms to meet or exceed system performance and functional standards.
Assist with developing and executing test procedures for software components.
Develop software solutions by analyzing system performance standards, confer with users or system engineers; analyze systems flow, data usage and work processes; and investigate problem areas.
Modify existing software to correct errors, to adapt to new hardware, or to improve its performance.
Design, develop and modify software systems, using scientific analysis and mathematical models to predict and measure outcome and consequences of design.
Design or implement complex algorithms requiring adherence to strict timing, system resource, or interface constraints; Perform quality control on team products.
Implement recommendations for improving documentation and software development process standards.
Oversee one or more software development teams and ensure the work is completed in accordance with the constraints of the software development process being used on any particular project.
Confer with system engineers and hardware engineers to derive software requirements and to obtain information on project limitations and capabilities, performance requirements and interfaces.
Coordinate software system installation and monitor equipment functioning to ensure operational specifications are met.

BENEFITS - Full-time Employees

15% employer contribution and up to 3% match to retirement plans annually. Fully vested at 1 year anniversary.
Five (5) weeks comprehensive annual leave (25 workdays).
Additional leave can be earned in lieu of overtime.
11 Paid Federal Government Holidays.
Up to $5,000 annually for individually tailored education / training program.
All education plans must be pre-approved by Advantage Engineering management.
Life Insurance at 1x annual salary with employee option to purchase additional coverage for self and dependents.
Short-term and long-term disability.
We contribute a generous portion towards the cost of monthly medical plans for any of the three medical, 1 dental and 1 vision plan provided by CareFirst.
All employees are eligible to earn generous incentives and performance bonuses.

AEITS, a GTSC company, is proud to be an equal opportunity employer, committed to recruiting, hiring, and promoting qualified people of all backgrounds, regardless of sex, race, color, creed, national origin, religion, age, marital status, pregnancy, physical, mental or sensory disability; sexual orientation; gender identity or any other basis protected by federal, state or local law. Learn more about your EEO rights as an applicant.

GTSC is committed to working with and providing reasonable accommodation to applicants with physical and mental disabilities. If you have a disability and require assistance with our online application process, please tell us how we can help by contacting us at Recruiting@GTSC.com

Note: This accessibility is intended for individuals requiring accommodation and should not be used to check the status of your application. Inquiries not specific to requesting accommodation will be discarded.

GTSC participates in the E-Verify program in certain locations as required by law. Learn more about the E-Verify program."
Metropolis,https://indeed.com/rc/clk?jk=f72f2c34f5e5ea42&bb=Yy1IWcEajO0IpAoMEZYPHwkumF0sJhh1oikMzipJ_4X_G81rpSX5vEQgPvVlUJcWleX7KSYytOp927Iqf0SzcPAgIdriq-iamEMberQUbsR0btS4_WRIkg8CcJhEnPWFxlPjARVrAZKZ6g60WU-HViNdpRg7tccm&xkcb=SoAV67M3uFNmywWTVR0ObzkdCdPP&fccid=375211ce826cf4f4&vjs=3,,,75,"Senior Software Engineer, Edge","$155,000 - $185,000 a year","Metropolis
3.3
3.3 out of 5 stars
Los Angeles, CA","Benefits
Pulled from the full job description
Stock options
Disability insurance
Life insurance
401(k)
Health insurance
&nbsp;","The Company

Metropolis is an artificial intelligence company that uses computer vision technology to enable frictionless, checkout-free experiences in the real world. Today, we are reimagining parking to enable millions of consumers to just ""drive in and drive out."" We envision a future where people transact in the real world with speed, ease, and convenience—giving us back our most valuable asset, time.

The Role

We are seeking a highly tenured Senior Software Engineer, Backend to join our Advanced Technologies team. In this role, you will design, develop, and maintain scalable backend systems that model ground truth vehicle location by integrating cutting-edge hardware with advanced machine learning. You'll work with a modern tech stack, including Java, Scala, GRPC (Protocol Buffers), Redis, MySQL, Kubernetes, and Kafka, to deliver high-performance, reliable services. If you are excited about solving complex technical challenges and working at the intersection of distributed systems, real-time data processing, and scalable infrastructure, we would love to hear from you.

Responsibilities

Build robust, scalable, and maintainable backend services in Java and Scala to support mission-critical operations.
Design and implement gRPC (Protocol Buffers) APIs to enable high-performance, real-time data transfer between services.
Leverage Redis and MySQL for efficient data storage and retrieval, ensuring reliability and low-latency access.
Deploy and manage microservices on Kubernetes, optimizing for scalability, resilience, and cost efficiency.
Work with Kafka to build scalable, event-driven architectures for real-time data streaming and processing.
Partner with Hardware, Machine Learning, and Operations teams to ensure seamless integration across the ecosystem and provide appropriate tooling.
Analyze and address bottlenecks in performance and scalability while maintaining a focus on system reliability and data integrity.

Qualifications

Bachelor's or Master's degree in Computer Science, Software Engineering, or a related field.
8 years of experience in backend development, preferably within platform or core services.
Proven expertise in industry-standard programming languages, preferably Java and Scala.
Experience building GRPC (Protocol Buffers) APIs for efficient and reliable communication between services.
Strong understanding of database design and optimization using Redis and MySQL.
Familiarity with container orchestration and scaling using Kubernetes.
Hands-on experience with Kafka for event-driven architectures.
Exposure to frontend integration with frameworks like Next.js is a plus.
Exceptional analytical skills with a proven ability to tackle complex technical problems and design innovative solutions.
A team player with excellent communication skills and a proactive approach to working across teams.



When you join Metropolis, you'll join a team of world-class product leaders and engineers, building an ecosystem of technologies at the intersection of parking, mobility, and real estate. Our goal is to build an inclusive culture where everyone has a voice and the best idea wins. You will play a key role in building and maintaining this culture as our organization grows. The anticipated base salary for this position is $155,000.00 to 185,000.00 annually. The actual base pay offered is determined by a number of variables, including, as appropriate, the applicant's qualifications for the position, years of relevant experience, distinctive skills, level of education attained, certifications or other professional licenses held, and the location of residence and/or place of employment. Base pay is one component of Metropolis's total compensation package, which usually includes: healthcare benefits, a 401(k) plan, short-term and long-term disability coverage, basic life insurance, a lucrative stock option plan, bonus plans, and more.

#LI-NM1 #LI-Onsite

Metropolis Technologies is an equal opportunity employer. We make all hiring decisions based on merit, qualifications, and business needs, without regard to race, color, religion, sex (including gender identity, sexual orientation, or pregnancy), national origin, disability, veteran status, or any other protected characteristic under federal, state, or local law."
Visterra Landscape Group,https://indeed.com/rc/clk?jk=0a608682739ce100&bb=u5yjHnH9p1WLIt2fWg8TgiQhWu7pwWffl0bPULR2mpKIqut6YdC5W1SP8dif_DMAiZ93t36wXF_nwP0tifI_E5KApu6H1X9rVQs5F5jNiSao8JXZZQgPJsEhC4SVelQhUe1f_iqJlh9EnN9nZVKEMg%3D%3D&xkcb=SoCd67M3uFNezxXzSp0CbzkdCdPP&fccid=b06c41f5031c4742&vjs=3,,,65,Senior Analytics Engineer,"$120,000 - $150,000 a year - Full-time","Visterra Landscape Group
9500 West Bryn Mawr Avenue, Rosemont, IL 60018",,"Senior Analytics Engineer


Location: Rosemont, IL
Schedule: Flexible, Hybrid

About Us:
Visterra Landscape Group is a premier commercial landscaping platform ranking among North America's top 30 landscape service providers. Collectively, Visterra partner companies bring more than 200 years of expert landscape maintenance, enhancement, construction, sweeping, portering and critical winter services with a reputation for excellence in client service. Incumbent partner leaders guide day-to-day operations with teams that value and prioritize safety, employee wellbeing and dynamic career pathways. Visterra is a back-to-back winner of Lawn & Landscape's coveted Best Places to Work in Landscaping and has earned consecutive safety awards from the National Association of Landscape Professionals. Visterra partner companies include: Riverside Services and Herzog Landscaping in the Northeast; Oberson's, GroundsPRO, Full Care, Cru Cutters and H&M across the nation's Midwest; and Dyna-Mist in the southern United States. For more information, visit www.vlgllc.com.

Pay:


Visterra offers competitive pay commensurate with experience in a similar position. The range for this position is $120,000 to $150,000 annually, but actual compensation will vary depending upon new hire experience and qualifications as well as internal equity.


Role Overview:
The Senior Analytics Engineer will play a critical role in optimizing Visterra’s data environment, focusing on data architecture, transformation, reporting, and analytics. This role ensures the delivery of accurate and actionable insights across the organization while maintaining data integrity and governance best practices.

Key Responsibilities:

Oversee the architecture and performance of the Microsoft Fabric data environment
Design and manage data pipelines to ingest data from various internal and external sources
Develop and maintain ETL processes to clean, standardize, and transform raw data into usable formats
Implement data governance and quality control practices to ensure data accuracy and consistency
Collaborate with stakeholders to understand data requirements and ensure data is fit for reporting and analytics
Design, develop, and maintain intuitive, impactful Power BI dashboards and reports
Empower business units with self-service BI capabilities while maintaining enterprise standards
Translate business questions into analytical requirements and provide insights to support decision-making
Own and continuously improve data processes and analytics infrastructure with a focus on scalability, automation, and operational efficiency
Operate with agility in a lean, fast-paced environment by adapting to evolving priorities and business needs
Lead cross-functional collaboration with departments including Finance, Operations, and HR to develop data-driven strategies and solutions
Champion data literacy across the organization by guiding stakeholders on data interpretation and dashboard utilization
Establish and document best practices for data lifecycle management, including process design, governance, and data stewardship
Evaluate and implement new tools, technologies, and methodologies to enhance analytics capabilities
Provide informal mentorship and contribute to the development of junior team members, with a long-term view of building a scalable analytics team

Preferred Attributes

Entrepreneurial mindset with a bias for action and comfort in ambiguity
Strong sense of ownership and accountability with a proactive, solution-oriented approach
Natural collaborator and relationship-builder across departments and levels
Desire and aptitude to lead and grow a team over time

Qualifications:

Bachelor’s degree in Computer Science, Information Systems, or a related field
5+ years of experience in data engineering, business intelligence, or analytics
Advanced proficiency with SQL Server, including T-SQL, stored procedures, and performance tuning
Strong experience designing and building Power BI dashboards and reports
Solid understanding of ETL processes, data modeling, and data transformation best practices
Familiarity with data governance, master data management, and data security standards
Excellent communication skills with the ability to explain technical concepts to non-technical stakeholders
Proven ability to collaborate with leadership to align data strategies with business goals

These are your benefits:


Visterra offers a challenging and rewarding working environment where employees are encouraged to develop and grow as professionals. In this role, you will have the opportunity to work on projects that will expand your experience and challenge your abilities in the global marketplace. The position also offers an excellent compensation package and a comprehensive suite of benefits. Detailed benefit information can be found at this link: 2025 Visterra Benefits Guide.pdf


Visterra is an equal employment opportunity (EEO)/AA employer and strongly supports diversity in the workplace (m/f/d/v)."
iManage,https://indeed.com/rc/clk?jk=d350726025144a36&bb=x8Tmnvu9sqQKu7C0G172om5zt_7VvJJEEJVoK9b9LJINKihJOGihmuSzx323D11Lossvx8kzJvzAsekZMqGobdcEOAsKN1m4C9JS3Ol1DTdto1HgV_MCW5dTvMeTGxZTimePjF0-CSgSrRKtmuY3tA%3D%3D&xkcb=SoBj67M3uFNR_3W0Hh0FbzkdCdPP&fccid=51a0dc5d18fb429c&vjs=3,,,65,Data Engineering Manager,"$140,000 - $185,000 a year - Full-time","iManage
4.5
4.5 out of 5 stars
Chicago, IL 60606
Hybrid work","Benefits
Pulled from the full job description
401(k)
401(k) matching
Vision insurance
Dental insurance
Life insurance
Snacks provided
Flexible schedule
&nbsp;","We offer a flexible working policy that supports a healthy balance between personal and professional well-being. This role requires in-office presence on Tuesdays & Thursdays to collaborate, connect, and learn from peers - while also maintaining the flexibility for meaningful work-life balance.

Being a Data Engineering Manager at iManage means…
You will lead a dedicated team of data engineers responsible for designing, building, and maintaining scalable data platforms and solutions to support the organization’s data science, analytics, and Machine Learning initiatives. You will enhance our Microsoft Azure Enterprise Data Lake platform and shepherd our migration to Microsoft Fabric. You will advance the maturity of our data engineering development practices and ensure compliance with company standards for data governance, integrity, and stewardship framework. You will engage in hands-on data engineering activities as needed to maintain technical expertise and tackle team initiatives which require a high degree of technical acumen.

iM Responsible For…
Management of a team of 3-5 data engineers following iManage best practices for people management and building a team culture consistent with iManage values.
Creating a robust data engineering culture with defined frameworks for development, code review, code standards, deployment practices, testing, security, privacy, and documentation.
Working with an Agile Project Manager to manage team backlog and deliver projects using an Agile Framework.
Technical oversight of the iManage Enterprise Data Lake Infrastructure and other enterprise data assets. You will work closely with architects and engineers to develop a comprehensive infrastructure plan that can handle the organization's current and future data needs.
Implementing quality control measures to ensure data integrity, including data validation, cleansing, and execution of defined data governance practices.
Collaborating with other enterprise stakeholders, but most notably with data science, business intelligence, and IT organizations, to understand and document requirements for the company’s data roadmap.
Collaborating with senior and executive leadership to develop a comprehensive data vision and roadmap.
Researching new tools and technologies which will enable the company’s data vision while monitoring and evaluating the effectiveness of current solutions to ensure they deliver the expected value.
Managing and optimizing data engineering budgets to ensure cost-effective utilization of resources. This includes identifying cost-saving opportunities, evaluating vendor contracts, and allocating budgets for data infrastructure upgrades, cost optimization, and resource allocation.
iM Qualified Because I Have…
Degree in computer science, computer engineering, or technical discipline with emphasis in data engineering, data sciences, or some other data-related discipline. Master’s degree preferred.
3-5+ years of experience managing an engineering organization.
Experience implementing data warehouses, data lakes, medallion architectures, and delta lakes.
Strong capabilities in architecting data models.
Experience implementing and managing data governance tools and technologies.
Proficiency with data extraction, manipulation, and subsequent reporting with SQL, Spark, Python, and REST APIs.
Exposure to one or more tools for real-time data streaming, such as Microsoft Event Hub or Apache Kafka.
Bonus Points If I Have...
Experience with Microsoft Azure Data Lake or Microsoft Fabric.
Familiarity with Microsoft Azure Synapse.
Exposure to Microsoft Power BI Semantic Model creation and management.
Don't meet every qualification listed above? Studies show that women and people of color are less likely to apply to jobs unless they meet all qualifications. At iManage, we are committed to building a diverse and inclusive environment and encourage everyone to show up as their full authentic selves. We welcome those that come with a growth mindset and a hunger for learning; so, if you are excited about this role but your experience doesn't align perfectly with every qualification, we encourage you to apply anyways!

iM Getting To…

Join a rapidly evolving, industry-leading SaaS company on an exciting journey of growth and scalability!
Take on meaningful, high-impact challenges by leveraging cutting-edge technologies and best-in-class protocols to drive innovation.
Own my career path with our internal development framework. Ask us more about this!
Expand my skill set and earn certifications with unlimited access to LinkedIn Learning courses and interactive Microsoft courses & training.
Be part of a supportive and experienced team within a dynamic, inclusive, and encouraging culture.
Enjoy flexible work hours that empower me to balance personal time with professional commitments.
Collaborate in a modern, open-plan workspace featuring a gaming area, free snacks and drinks, and regular social events.

iManage Is Supporting Me By...

Creating an inclusive environment where I can help shape the culture not just by fitting in, but by adding to it.
Providing a market competitive salary that is applied through a consistent process, equitable for all our employees, and regularly reviewed based on industry data.
Rewarding me with an annual performance-based bonus.
Offering comprehensive Health/Vision/Dental/Life Insurance, and a 401k Retirement Savings Plan with a company match up to 4%.
Granting enhanced leave for expecting parents; 20 weeks 100% paid for primary leave, and 10 weeks 100% paid for secondary leave.
Providing me with a flexible time off policy to take the time off that I need. Be it for vacation, volunteering, celebrating holidays, spending time with family, or simply taking time to recharge and reset.
Having multiple company wellness days each year to prioritize mental health and well-being.
Providing access to RethinkCare, a global behavioral health platform that enhances personal well-being, strengthens professional resilience, and empowers parental success through expert-led training and resources.

The overall US annual base salary range for this position is $140,000–$185,000 per year. Individual compensation for each candidate depends on factors such as qualifications, experience, and candidate location. This range does not include additional forms of compensation, such as bonuses, commission, or benefits. Your recruiter will provide further details about the offer range, incentives, and overall compensation during the hiring process.

iManage is committed to providing an excellent candidate experience and will never ask you to engage in recruitment activity via text and exclusively communicates from emails using the @imanage.com domain. If you have any concerns or questions about communications you have received, please send them to careers@imanage.com so our team members can review.

About iManage…

At iManage, we are dedicated to Making Knowledge Work™. Our intelligent, cloud-enabled, and secure platform is trusted by 4,100+ customers and 430,000 users worldwide, managing over 11 billion documents and 11 petabytes of data. We empower professionals across 65+ countries to unlock the full potential of their business content and communications.

We are continuously innovating to solve the most complex professional challenges and enable better business outcomes; Our work is not always easy but it is ambitious and rewarding.

So we’re looking for people who embrace challenges. People who thrive on solving problems, pushing boundaries, and collaborating with the industry’s best and brightest. That’s the iManage way. It’s how we turn the impossible into reality, empower our employees to grow, unlock their potential, and create a meaningful impact on everything we do.

Whoever you are, whatever you do, however you work. Make it mean something at iManage.

iManage provides equal employment opportunities to all employees and applicants for employment and prohibits discrimination and harassment of any type without regard to race, color, religion, age, sex, national origin, disability status, genetics, protected veteran status, sexual orientation, gender identity or expression, or any other characteristic protected by federal, state or local laws.

This policy applies to all terms and conditions of employment, including recruiting, hiring, placement, promotion, termination, layoff, recall, transfer, leaves of absence, compensation and training.

Learn more at: www.imanage.com

Please see our privacy statement for more information on how we handle your personal data: https://imanage.com/privacy-policy/

#LI-Hybrid
#LI-LM1

vSMRQOrSUJ"
"Borries USA, Inc.",https://indeed.com/rc/clk?jk=6dbc24bffb2e2a0d&bb=grtmz0drcRUSzSF0vbj-ZWNDU8voGQ1tVik5fHhPbNVEGVVQT6sehA0ZNSCK6kGq9sSpQrv4ZNwh3_iXpd0mbApFhvauHgAG8b0Y6aCD0_rrQV951tFTJeHby1dcw6oRGpF-udGHymb9BVSDZp1WZg%3D%3D&xkcb=SoDA67M3uFNgsFyJaR0PbzkdCdPP&fccid=851215c8f40c9c7e&cmp=Borries-USA%2C-Inc.&ti=Ai+Scientist&vjs=3,,,60,AI EM Application Scientist – Materials Science,Full-time,"Borries USA, Inc.
450 Jane Stanford Way, Stanford, CA 94305",,"We are seeking an AI EM Application Scientist with a strong conviction and experience in AI electron microscopy, EM-imaging, material science research and failure analysis. The position will support a full sales cycle activity, including but not limited to product AI demonstrations, customer sample preparation recommendation, customer AI workflow optimization, and customer training on Borries Optimus 100 AI EM platform.

Key Responsibilities:

Conduct Borries product AI demos, AI workshops, and AI training for customers in materials analysis and research etc.
Help customers design AI workflows on Borries AI EM.
Develop product application notes and co-author scientific publications with our strategic partners.
Gather customer feedback to guide R&D and product roadmap improvements.
Collaborate closely with marketing and engineering teams to deliver customer centric AI solutions.

Qualifications:

Master’s degree or PhD in materials science, materials engineering, or physics.
3–8 years of hands-on experience with EM sample preparation, EM imaging and analysis.
Familiarity with AI EM workflows in material science research and failure analysis is a plus.
Excellent communication and presentation skills.
Self-driven, adaptable, and able to thrive in a startup environment.

Job Type: Full-time

Work Location: In person"
A-V Services Inc.,https://indeed.com/rc/clk?jk=46da4c4b274bd297&bb=dNrE48L5fZuVjg2VF5aqVwJjgQNJsCe70PkBE9dg8UPaWX4WD0cEeevXUKqR6T1GoxwHQCuWDBiFyK9z1K-_ZLG9PWUZ1V_EZvgPEdgJmMxtuZan0DFTGTHK8rIk3tqEdXMrupWlNib3PwdcleqDVA_SoAMh-y8t&xkcb=SoDW67M3uFOJ7dS4Yp0IbzkdCdPP&fccid=3ceeec95cb37fbbf&cmp=A--V-SERVICES-INC.&ti=Senior+Software+Engineer&vjs=3,,,60,Software Engineer II,"From $79,633.07 a year - Temporary, Full-time, Contract","A-V Services Inc.
3.2
3.2 out of 5 stars
Jersey City, NJ 07310","Benefits
Pulled from the full job description
AD&D insurance
Employee stock ownership plan
Paid holidays
Health savings account
Disability insurance
Life insurance
Flexible spending account
Show more
&nbsp;","A-V Services Inc., a leading AV company with multiple fortune 100 contracts within the financial, pharmaceutical and computing industry, seeks a Software Engineer II. You will be a key member of an agile team, tasked with designing and delivering cutting-edge technology products that are secure, stable, and scalable. Your role involves implementing essential technology solutions across diverse technical domains, supporting various business functions to achieve the firm's strategic goals.

Key Responsibilities:

Develop and maintain backend services using Python.
Collaborate with the front-end team to integrate ReactJS applications.
Work with SQL databases to design, query, and manage data.
Assist in the development and maintenance of applications using .NET.
Participate in code reviews and contribute to team knowledge sharing.
Stay updated with the latest industry trends and technologies.

Required qualifications, capabilities, and skills

Formal training or certification on software engineering concepts and 3+ years’ applied experience
Hands-on practical experience in system design, application development, testing, and ensuring operational stability
Experience with front-end technology React
Proficiency in developing RESTful APIs using Python Fast API
Experience with version control systems, particularly GIT
Strong knowledge of SQL and experience in database design and development
Solid understanding of agile methodologies such as CI/CD, Application Resiliency, and Security
Demonstrated knowledge of software applications and technical processes within a technical discipline (e.g., cloud, artificial intelligence, machine learning, mobile, etc.)
Experience with application monitoring and creating dashboards using Splunk, Grafana, and Datadog

Preferred Skills:

Familiarity with cloud platforms, such as Cloud Foundry
Strong communication skills and a willingness to learn.

Full Time Position has benefits including employee stock ownership plan (ESOP), competitive and comprehensive health insurance, life insurance, dental program, 401k, short-term and long-term disability insurance, FSA, HRA, Commuter Benefit Card, full paid vacations, and paid holidays.

Join Our Diverse and Inclusive Team!

At AV Services Inc. we are committed to fostering an inclusive and diverse workplace where every team member is valued and empowered. We are proud to be an equal opportunity employer, welcoming all qualified applicants without regard to race, color, religion, sex, sexual orientation, gender identity, national origin, veteran status, disability status, or any other characteristic that makes you unique.

Our Commitment to Diversity and Inclusion:

Our employees are our greatest asset, and we believe that the diverse perspectives and experiences they bring are key to our success. We celebrate and encourage differences in age, ethnicity, family or marital status, language, physical and mental abilities, socio-economic status, and more. These unique attributes contribute to our vibrant culture, enhance our reputation, and drive our achievements.

Why Work With Us?

Inclusive Culture: We embrace diversity in all its forms and are dedicated to creating an environment where everyone feels respected and valued.
Empowerment: We support our employees' growth and self-expression, recognizing that their individual talents and innovations are vital to our success.
Community: Join a team that values collaboration and the collective strength of diverse backgrounds and ideas.

Be part of a company that not only values diversity but actively promotes it as a cornerstone of our identity and success. Apply today and bring your unique perspective to AV Services Inc.

Job Types: Full-time, Contract, Temporary

Pay: From $79,633.07 per year

Benefits:

AD&D insurance
Dental insurance
Disability insurance
Flexible spending account
Health insurance
Health savings account
Life insurance
Vision insurance

Experience:

system design, application development, testing: 3 years (Preferred)
RESTful APIs using Python Fast API: 3 years (Preferred)
database design and development: 3 years (Preferred)
creating dashboards using Splunk, Grafana, and Datadog: 3 years (Preferred)

Location:

Jersey City, NJ 07310 (Required)

Work Location: In person"
